CREATE DATABASE  IF NOT EXISTS `pas` /*!40100 DEFAULT CHARACTER SET utf8mb4 COLLATE utf8mb4_0900_ai_ci */ /*!80016 DEFAULT ENCRYPTION='N' */;
USE `pas`;
-- MySQL dump 10.13  Distrib 8.0.28, for Win64 (x86_64)
--
-- Host: 127.0.0.1    Database: pas
-- ------------------------------------------------------
-- Server version	8.0.28

/*!40101 SET @OLD_CHARACTER_SET_CLIENT=@@CHARACTER_SET_CLIENT */;
/*!40101 SET @OLD_CHARACTER_SET_RESULTS=@@CHARACTER_SET_RESULTS */;
/*!40101 SET @OLD_COLLATION_CONNECTION=@@COLLATION_CONNECTION */;
/*!50503 SET NAMES utf8 */;
/*!40103 SET @OLD_TIME_ZONE=@@TIME_ZONE */;
/*!40103 SET TIME_ZONE='+00:00' */;
/*!40014 SET @OLD_UNIQUE_CHECKS=@@UNIQUE_CHECKS, UNIQUE_CHECKS=0 */;
/*!40014 SET @OLD_FOREIGN_KEY_CHECKS=@@FOREIGN_KEY_CHECKS, FOREIGN_KEY_CHECKS=0 */;
/*!40101 SET @OLD_SQL_MODE=@@SQL_MODE, SQL_MODE='NO_AUTO_VALUE_ON_ZERO' */;
/*!40111 SET @OLD_SQL_NOTES=@@SQL_NOTES, SQL_NOTES=0 */;

--
-- Table structure for table `customer`
--

DROP TABLE IF EXISTS `customer`;
/*!40101 SET @saved_cs_client     = @@character_set_client */;
/*!50503 SET character_set_client = utf8mb4 */;
CREATE TABLE `customer` (
  `id` int NOT NULL AUTO_INCREMENT,
  `first_name` varchar(45) NOT NULL,
  `last_name` varchar(45) NOT NULL,
  `street` varchar(45) DEFAULT NULL,
  `city` varchar(45) DEFAULT NULL,
  `state` varchar(45) DEFAULT NULL,
  `zip` varchar(45) DEFAULT NULL,
  `phone` varchar(45) DEFAULT NULL,
  PRIMARY KEY (`id`)
) ENGINE=InnoDB AUTO_INCREMENT=143 DEFAULT CHARSET=utf8mb4 COLLATE=utf8mb4_0900_ai_ci;
/*!40101 SET character_set_client = @saved_cs_client */;

--
-- Dumping data for table `customer`
--

LOCK TABLES `customer` WRITE;
/*!40000 ALTER TABLE `customer` DISABLE KEYS */;
INSERT INTO `customer` VALUES (1,'STEVE','JINGLEHEIMER','2030 COMPASS POINT DR','ALPHARETTA','GA','30005','7704425153'),(2,'MARSH','FARNORTH','5648 5TH COURT','HARRISBURG','PA','17126','7174841012'),(3,'LILLA','MOTHERWELL','721 7TH COURT','GREENSBORO','NC','27499','3368105570'),(4,'BREE','SWINGLEHURST','55071 ATWOOD JUNCTION','NEW ORLEANS','LA','70149','5049311944'),(5,'LESLI','CAMPANELLE','77944 FARRAGUT POINT','WASHINGTON','DC','20508','2024209659'),(6,'NEVIN','PIELE','05 KIPLING PLAZA','COLUMBUS','OH','43210','6145684920'),(7,'TEDD','PIDLER','6317 AMERICAN ASH COURT','OCEANSIDE','CA','92056','7608604251'),(8,'COSETTA','RISELEY','38 KENNEDY COURT','ERIE','PA','16534','8141941579'),(9,'NERTY','FEWINGS','21 FAIRFIELD PASS','BRIDGEPORT','CT','06673','2038386593'),(10,'JANELLA','OLENOV','31241 FISK TERRACE','PEORIA','AZ','85383','6027619004'),(11,'TYMOTHY','CHIVRALL','0924 BAYSIDE TERRACE','PORTLAND','OR','97271','9719926524'),(12,'FREDELIA','DI MATTEO','96 CORRY CIRCLE','DETROIT','MI','48267','3132445688'),(13,'KESLIE','KENNADY','3 FAIRFIELD WAY','LINCOLN','NE','68524','4022606241'),(14,'ILEANE','CHILDERHOUSE','757 DOE CROSSING HILL','MONTICELLO','MN','55585','7632003574'),(15,'MADELENE','KOUBU','37236 KINGS CROSSING','EL PASO','TX','88535','9155555365'),(16,'BELVIA','KLIEMANN','383 FOREST DALE AVENUE','ALBUQUERQUE','NM','87110','5059295981'),(17,'GEORGEANNA','HUMMERSTON','9267 PACKERS TERRACE','ESCONDIDO','CA','92030','7602587714'),(18,'DESIRI','IACOMI','85014 FULLER PLAZA','TOLEDO','OH','43605','4195886120'),(19,'GASTON','HEARLEY','99836 WAYRIDGE TRAIL','HOLLYWOOD','FL','33023','3056153988'),(20,'JONI','SHERRELL','04157 GRASSKAMP ROAD','DURHAM','NC','27710','9196261618'),(21,'CARROL','REELY','74392 BUHLER PASS','GAINESVILLE','FL','32610','3526850079'),(22,'LYDIA','BORKIN','4 ALPINE AVENUE','AMARILLO','TX','79118','8068500174'),(23,'FRANCES','BAFORD','0 RUSK JUNCTION','NEW YORK CITY','NY','10039','9171747642'),(24,'MARCELIA','BEXLEY','98 SPRINGS PLAZA','VIRGINIA BEACH','VA','23471','7571579238'),(25,'ANGEL','TRAHER','422 TWIN PINES WAY','CINCINNATI','OH','45208','5139725229'),(26,'KATA','RENZINI','84 WESTEND CIRCLE','BOSTON','MA','02298','6174228708'),(27,'STANFIELD','IVASHNYOV','252 SCOTT WAY','AMARILLO','TX','79165','8064944780'),(28,'AUREL','PUTMAN','3 DECLARATION POINT','SOUTH BEND','IN','46614','5748307115'),(29,'MARIEL','COCKELL','2446 POND TERRACE','OKLAHOMA CITY','OK','73104','4054333029'),(30,'THAIN','GAMESON','3 LYONS AVENUE','SANTA MONICA','CA','90410','3103439740'),(31,'JUDON','HANDLING','0466 BOWMAN PLAZA','STAMFORD','CT','06922','2036293454'),(32,'KENDELL','CHANG','402 DAYSTAR DRIVE','MONTGOMERY','AL','36114','3346365561'),(33,'CRISTEN','PEASBY','6895 SUTTERIDGE DRIVE','AKRON','OH','44393','2349124988'),(34,'THEODORIC','LENTE','3 KROPF JUNCTION','MESA','AZ','85210','6021689260'),(35,'JOHN','STEVENS','5 EXAM WAY','PHILLY','PA','23489','9083452345'),(36,'OBADIAH','LIPSCOMBE','049 STEPHEN STREET','ARLINGTON','VA','22217','5718077570'),(37,'ALAYNE','MUSK','40156 STEPHEN PLACE','SAINT LOUIS','MO','63116','3143427622'),(38,'DORETTA','BARENSKI','924 BRIAR CREST PARKWAY','COLORADO SPRINGS','CO','80935','7198102897'),(39,'KYLEN','SPERRING','0742 COMANCHE WAY','SAVANNAH','GA','31422','9122015630'),(40,'MIRELLE','DUNSMUIR','0659 MENDOTA AVENUE','TULSA','OK','74133','9182005884'),(41,'GIACOPO','SKRINE','17 MONICA CENTER','JAMAICA','NY','11431','2124781870'),(42,'NIXIE','GRIFFEY','837 SHOSHONE LANE','METAIRIE','LA','70033','5048038728'),(43,'QUILLAN','HAWKSLEY','53865 PAWLING PLACE','MORGANTOWN','WV','26505','3045542499'),(44,'REENA','STREDWICK','0608 ACKER ROAD','PHOENIX','AZ','85015','6239974009'),(45,'HAGEN','ISLIP','371 6TH PLACE','BOSTON','MA','02283','9781009736'),(46,'ALBERTO','RAMBLE','9336 ALPINE JUNCTION','NASHVILLE','TN','37250','6157624985'),(47,'MYRLENE','STURMEY','93140 CROWNHARDT AVENUE','SAN JOSE','CA','95133','4085155789'),(48,'WILLEM','BORG','9451 MIFFLIN CIRCLE','COLUMBIA','SC','29240','8034350698'),(49,'TITUS','JORON','45 WAYRIDGE POINT','CHICAGO','IL','60609','7735210957'),(50,'ANN','DAVSON','6880 SCHILLER TERRACE','EL PASO','TX','79950','9156905288'),(51,'ABBI','VEITCH','398 PRAIRIEVIEW CIRCLE','DES MOINES','IA','50369','5152538574'),(52,'ASHER','TUNGATE','791 SHERIDAN PARK','WILMINGTON','DE','19892','3022057165'),(53,'CYB','CACCAVELLA','76272 TALMADGE LANE','WARREN','MI','48092','8109888480'),(54,'GRANGER','HUCKELL','6 SYCAMORE JUNCTION','JACKSON','TN','38308','7317138401'),(55,'LORNE','SAYBURN','951 HEFFERNAN PARK','LAS VEGAS','NV','89140','7027089968'),(56,'CHELSEA','COLLIVER','145 DARWIN HILL','BOSTON','MA','02216','6178260252'),(57,'ROMAIN','HALLAGAN','14 GLENDALE STREET','WEST PALM BEACH','FL','33411','5614813334'),(58,'KELLEY','TUTE','9704 PENNSYLVANIA JUNCTION','PHILADELPHIA','PA','19141','2156709915'),(59,'GRIZ','STEANSON','942 MALLORY WAY','LOS ANGELES','CA','90081','2134918759'),(60,'DAEL','FARLAND','58 EAGAN AVENUE','SEATTLE','WA','98148','2064058469'),(61,'RODNEY','BURGESS','6 EVERGREEN PARK','HOUSTON','TX','77276','7137766067'),(62,'LAUREN','PETCHER','372 NELSON DRIVE','CINCINNATI','OH','45203','5131431140'),(63,'NICOLI','EDELMANN','81788 MONICA PARKWAY','CHATTANOOGA','TN','37416','4235859862'),(64,'TINE','LANGSTAFF','99 5TH LANE','HOUSTON','TX','77288','7136317896'),(65,'LURETTE','PERKIS','15 HEFFERNAN WAY','AUGUSTA','GA','30919','7068808351'),(66,'GABRIEL','COUSER','250 LAKELAND CIRCLE','LAKEWOOD','WA','98498','2533275932'),(67,'NISSA','BIRDSALL','86 MOSINEE COURT','WATERBURY','CT','06721','2039244484'),(68,'LENORE','LANDA','5264 OXFORD ALLEY','ARLINGTON','VA','22244','5718564262'),(69,'TERA','HARCOURT','70152 SCOTT TERRACE','IRVING','TX','75062','4693825581'),(70,'KARE','HUDD','78537 WEEPING BIRCH TERRACE','DALLAS','TX','75236','2145706952'),(71,'MELINA','MEADERS','68199 GATEWAY TRAIL','COLORADO SPRINGS','CO','80905','7192546307'),(72,'LOTTY','VOELKER','090 MCBRIDE ALLEY','WILKES BARRE','PA','18706','5708333692'),(73,'SAMANTHA','SALTER','00303 MEMORIAL POINT','WASHINGTON','DC','20442','2021619586'),(74,'CORENDA','GOGGAN','61 ORIOLE WAY','SACRAMENTO','CA','95813','9168299832'),(75,'LAURETTA','GIAMO','6 MONTANA LANE','SAN DIEGO','CA','92153','6195756652'),(76,'KIT','STAINSON','5314 FOREST DALE WAY','FORT LAUDERDALE','FL','33345','7547733519'),(77,'GRETA','GLADHILL','08357 JACKSON PLACE','MOBILE','AL','36622','2515146333'),(78,'SANDYE','BROTHERWOOD','35657 BADEAU DRIVE','CHICAGO','IL','60604','7083575908'),(79,'SUZANNE','WEBBY','3 DEL SOL COURT','BIRMINGHAM','AL','35242','2055223850'),(80,'EDAN','DEVO','7 ELIOT DRIVE','WASHINGTON','DC','20392','2022395806'),(81,'JULEE','BARBER','1317 HAZELCREST POINT','AKRON','OH','44305','3309140759'),(82,'KALINDA','CONYARD','91160 PRENTICE POINT','DALLAS','TX','75387','2148111194'),(83,'GILLI','BEAR','61105 EAST PLACE','TOLEDO','OH','43605','4193441162'),(84,'ROIS','MCPHILEMY','46967 SUPERIOR POINT','NEW YORK CITY','NY','10024','7189188606'),(85,'SULLY','TILLETT','738 HANSONS HILL','FLUSHING','NY','11388','7182614367'),(86,'KERRIN','BRAGER','31050 SYCAMORE COURT','PHOENIX','AZ','85005','6026962312'),(87,'JOYOUS','IANETTI','4169 FIELDSTONE ALLEY','BRONX','NY','10459','9175764317'),(88,'KAREE','ALEKSEEV','7 KENNEDY CROSSING','CLEVELAND','OH','44105','2169676032'),(89,'LESYA','SHILLING','9 DUNNING COURT','LAS VEGAS','NV','89125','7025162339'),(90,'NEILLA','FORWARD','263 AMERICAN ASH CROSSING','CHARLOTTE','NC','28247','7043020148'),(91,'CRYSTIE','WHITLOCK','62313 NANCY CIRCLE','PHILADELPHIA','PA','19131','2157519145'),(92,'VALENTINE','KETTS','7629 BRENTWOOD LANE','DALLAS','TX','75387','2147564869'),(93,'MAX','BENNY','6 CRESCENT OAKS PARKWAY','GREEN BAY','WI','54305','9203332945'),(94,'CLEMENTIA','NIBLOCK','0 JENIFER PLACE','WASHINGTON','DC','20442','2025705776'),(95,'DAVINA','THIEME','33468 KILLDEER HILL','WASHINGTON','DC','20425','2023450755'),(96,'PHILLIPE','DAVEY','5 RIDGEWAY PLACE','MIAMI','FL','33111','7869786604'),(97,'RODERIC','YELD','094 MELODY HILL','KANSAS CITY','MO','64179','8169300456'),(98,'TORRE','HURICH','4571 FULTON PLACE','HELENA','MT','59623','4062608579'),(99,'AREL','AUSELLO','66 BURNING WOOD PLACE','LARGO','FL','33777','7274513971'),(100,'CHIC','FAIRNINGTON','15538 WASHINGTON CIRCLE','DETROIT','MI','48242','7343838462'),(101,'BREWER','PLEWMAN','631 BLUE BILL PARK PARKWAY','WASHINGTON','DC','20546','2024630949');
/*!40000 ALTER TABLE `customer` ENABLE KEYS */;
UNLOCK TABLES;

--
-- Table structure for table `order_items2`
--

DROP TABLE IF EXISTS `order_items2`;
/*!40101 SET @saved_cs_client     = @@character_set_client */;
/*!50503 SET character_set_client = utf8mb4 */;
CREATE TABLE `order_items2` (
  `order_id` int NOT NULL,
  `product_id` int NOT NULL,
  KEY `productID_idx` (`product_id`),
  KEY `orderID2_idx` (`order_id`),
  CONSTRAINT `orderID2` FOREIGN KEY (`order_id`) REFERENCES `order_table2` (`id`),
  CONSTRAINT `productID2` FOREIGN KEY (`product_id`) REFERENCES `product` (`id`)
) ENGINE=InnoDB DEFAULT CHARSET=utf8mb4 COLLATE=utf8mb4_0900_ai_ci;
/*!40101 SET character_set_client = @saved_cs_client */;

--
-- Dumping data for table `order_items2`
--

LOCK TABLES `order_items2` WRITE;
/*!40000 ALTER TABLE `order_items2` DISABLE KEYS */;
INSERT INTO `order_items2` VALUES (103,13),(103,28),(104,13),(104,20),(105,3),(106,16),(107,414),(107,28),(108,413),(108,10),(108,20),(109,414),(110,414),(110,7),(110,70),(111,413),(112,3);
/*!40000 ALTER TABLE `order_items2` ENABLE KEYS */;
UNLOCK TABLES;

--
-- Table structure for table `order_table2`
--

DROP TABLE IF EXISTS `order_table2`;
/*!40101 SET @saved_cs_client     = @@character_set_client */;
/*!50503 SET character_set_client = utf8mb4 */;
CREATE TABLE `order_table2` (
  `id` int NOT NULL AUTO_INCREMENT,
  `created_on` timestamp NULL DEFAULT NULL,
  `name` varchar(45) DEFAULT NULL,
  `plate` varchar(45) DEFAULT NULL,
  `completed_on` timestamp NULL DEFAULT NULL,
  `total` decimal(10,2) DEFAULT NULL,
  `amount_paid` decimal(10,2) DEFAULT NULL,
  `payment` varchar(45) DEFAULT NULL,
  `comments` varchar(200) DEFAULT NULL,
  PRIMARY KEY (`id`)
) ENGINE=InnoDB AUTO_INCREMENT=113 DEFAULT CHARSET=utf8mb4 COLLATE=utf8mb4_0900_ai_ci;
/*!40101 SET character_set_client = @saved_cs_client */;

--
-- Dumping data for table `order_table2`
--

LOCK TABLES `order_table2` WRITE;
/*!40000 ALTER TABLE `order_table2` DISABLE KEYS */;
INSERT INTO `order_table2` VALUES (1,'2021-06-23 18:37:05',NULL,'GA146','2021-09-29 23:12:57',13.52,77.78,'CASH',NULL),(2,'2021-06-15 10:24:44',NULL,'GA138','2022-03-26 08:39:47',30.95,7.45,'CREDIT','odio donec vitae nisi nam'),(3,'2021-05-18 01:27:11',NULL,'GA146','2021-08-17 17:07:37',58.72,80.20,'GIFTCARD','eget eleifend luctus ultricies eu nibh quisque id'),(4,'2021-12-10 08:52:03',NULL,'GA129','2021-07-08 09:58:15',21.57,40.48,'CASH',NULL),(5,'2021-11-05 20:47:53',NULL,'GA196','2022-01-04 15:33:21',45.50,48.20,'CREDIT',NULL),(6,'2021-10-12 16:59:31',NULL,'GA104','2022-02-11 16:13:08',76.47,29.28,'CASH',NULL),(7,'2021-10-02 10:55:04',NULL,'GA106','2022-04-02 12:11:39',75.20,94.96,'GIFTCARD',NULL),(8,'2022-03-02 23:44:01',NULL,'GA156','2022-03-12 13:59:29',83.35,93.32,'GIFTCARD',NULL),(9,'2021-06-22 06:58:20',NULL,'GA190','2021-06-21 13:48:25',4.28,32.05,'GIFTCARD',NULL),(10,'2021-07-16 10:40:40',NULL,'GA100','2021-08-13 12:52:58',53.16,8.25,'CASH',NULL),(11,'2021-08-28 23:04:55',NULL,'GA108','2021-10-01 14:07:14',88.51,77.11,'CREDIT',NULL),(13,'2021-12-11 02:28:19',NULL,'GA115','2021-07-08 13:56:53',59.20,35.92,'CASH','augue luctus tincidunt nulla mollis molestie'),(14,'2021-07-01 22:19:35',NULL,'GA119','2022-04-13 04:15:27',89.32,7.77,'GIFTCARD',NULL),(15,'2021-11-15 17:20:42',NULL,'GA159','2021-06-08 17:46:58',25.61,3.31,'CASH',NULL),(16,'2022-04-17 03:31:13',NULL,'GA181','2021-11-19 04:26:45',36.15,0.95,'CREDIT','tristique in tempus sit amet'),(17,'2021-09-09 09:49:51',NULL,'GA199','2022-03-01 20:15:42',79.26,69.42,'CREDIT',NULL),(18,'2021-10-13 18:40:21',NULL,'GA165','2022-03-21 03:45:38',58.16,44.47,'GIFTCARD',NULL),(19,'2021-11-30 14:12:11',NULL,'GA135','2022-01-23 12:37:26',35.71,20.27,'CASH',NULL),(20,'2021-10-05 19:28:48',NULL,'GA170','2021-11-09 20:49:45',96.96,81.41,'GIFTCARD',NULL),(21,'2021-11-10 09:08:48',NULL,'GA146','2022-03-11 02:32:15',96.10,78.24,'GIFTCARD',NULL),(22,'2021-09-08 04:34:57',NULL,'GA118','2022-04-05 08:48:56',87.23,13.26,'GIFTCARD',NULL),(24,'2022-03-01 21:57:56',NULL,'GA101','2022-04-16 07:36:47',67.39,17.55,'CASH','in porttitor pede justo eu massa'),(25,'2021-07-27 17:43:13',NULL,'GA181','2021-06-24 02:34:57',46.30,59.46,'CREDIT','arcu sed augue aliquam erat volutpat in congue etiam'),(26,'2022-01-14 09:30:22',NULL,'GA136','2022-04-21 08:18:14',62.70,33.72,'GIFTCARD','aliquet ultrices erat tortor sollicitudin mi sit amet lobortis sapien'),(27,'2021-08-14 14:48:26',NULL,'GA176','2022-02-28 06:47:18',4.35,55.73,'CASH','posuere cubilia curae mauris viverra diam vitae quam'),(28,'2021-07-24 03:36:10',NULL,'GA166','2021-06-08 06:59:38',70.09,95.44,'CREDIT',NULL),(29,'2022-01-25 02:30:38',NULL,'GA140','2021-06-28 22:46:15',41.41,76.18,'GIFTCARD',NULL),(30,'2022-03-15 05:12:04',NULL,'GA172','2021-05-11 01:53:14',13.27,14.96,'GIFTCARD','odio elementum eu interdum eu tincidunt in'),(31,'2021-10-01 11:14:41',NULL,'GA133','2022-04-30 06:59:52',5.31,43.36,'CASH',NULL),(32,'2021-09-30 10:24:02',NULL,'GA107','2021-10-10 00:22:40',35.42,19.22,'GIFTCARD','ut mauris eget massa tempor convallis'),(33,'2022-03-16 09:44:50',NULL,'GA156','2022-04-17 00:52:17',44.79,65.85,'CREDIT','nisi vulputate nonummy maecenas tincidunt lacus'),(35,'2021-12-21 18:39:47',NULL,'GA156','2021-09-11 03:17:53',43.97,17.27,'CREDIT',NULL),(38,'2022-02-27 21:06:56',NULL,'GA127','2022-02-21 13:26:56',1.51,42.09,'CASH',NULL),(39,'2021-10-24 09:01:58',NULL,'GA195','2022-01-03 15:40:00',85.67,44.73,'GIFTCARD',NULL),(40,'2021-08-22 21:16:32',NULL,'GA177','2021-07-21 08:57:02',53.04,75.16,'GIFTCARD','volutpat dui maecenas tristique est et tempus semper'),(41,'2022-01-21 21:23:16',NULL,'GA159','2021-07-26 03:38:27',55.04,35.08,'CASH',NULL),(43,'2021-11-05 09:03:05',NULL,'GA166','2021-06-06 00:59:06',27.30,53.26,'CASH',NULL),(45,'2021-07-03 21:01:47',NULL,'GA113','2021-09-29 15:34:13',58.61,15.30,'CASH',NULL),(47,'2021-08-14 22:39:30',NULL,'GA151','2021-11-30 00:55:54',41.31,25.16,'CASH',NULL),(48,'2021-06-12 04:19:24',NULL,'GA184','2022-02-17 00:14:40',95.60,38.00,'CREDIT',NULL),(49,'2021-11-11 08:12:43',NULL,'GA163','2021-09-11 13:51:54',47.72,43.21,'CASH','mauris eget massa tempor convallis'),(50,'2021-05-14 07:46:23',NULL,'GA109','2022-04-10 05:46:42',36.51,17.86,'CASH',NULL),(53,'2021-12-02 01:14:24',NULL,'GA134','2022-02-05 05:46:53',26.77,45.49,'GIFTCARD',NULL),(54,'2021-08-25 08:59:57',NULL,'GA131','2021-07-18 12:19:14',36.37,87.07,'CASH','luctus et ultrices posuere cubilia'),(55,'2021-07-21 07:34:10',NULL,'GA123','2021-06-29 11:13:25',66.24,98.57,'CREDIT','condimentum curabitur in libero ut massa volutpat convallis'),(57,'2021-09-18 01:39:35',NULL,'GA140','2021-12-29 02:08:20',73.81,17.37,'CASH',NULL),(58,'2021-12-26 13:51:56',NULL,'GA173','2021-10-18 06:01:31',33.00,83.57,'CASH','congue etiam justo etiam pretium iaculis justo in hac habitasse'),(59,'2021-07-31 13:09:34',NULL,'GA193','2021-09-09 17:00:58',87.29,53.27,'GIFTCARD',NULL),(60,'2022-03-18 19:34:02',NULL,'GA199','2021-06-08 15:23:41',65.79,23.32,'CASH',NULL),(62,'2022-02-28 23:33:40',NULL,'GA109','2021-11-12 00:14:05',56.76,88.10,'CASH','felis donec semper sapien a libero nam'),(63,'2022-04-23 20:24:26',NULL,'GA186','2022-01-02 18:38:57',23.20,34.00,'CREDIT','vehicula consequat morbi a ipsum'),(65,'2021-12-02 16:54:46',NULL,'GA126','2022-01-09 16:54:05',27.30,97.38,'GIFTCARD',NULL),(66,'2021-08-06 05:20:07',NULL,'GA169','2021-09-25 23:25:01',78.51,12.65,'GIFTCARD',NULL),(67,'2021-07-05 08:11:08',NULL,'GA163','2021-08-23 08:15:55',46.89,85.35,'CASH','leo rhoncus sed vestibulum sit amet cursus'),(68,'2022-01-19 09:30:04',NULL,'GA100','2021-05-18 04:53:12',75.73,51.49,'CASH','vel dapibus at diam nam tristique'),(70,'2021-11-23 07:19:43',NULL,'GA107','2022-02-24 20:32:46',36.47,34.46,'GIFTCARD',NULL),(71,'2022-02-22 06:49:29',NULL,'GA152','2021-08-15 16:21:52',98.50,25.03,'CREDIT',NULL),(73,'2022-03-08 11:16:45',NULL,'GA168','2022-05-09 21:04:58',45.92,40.12,'CASH',NULL),(74,'2021-07-14 05:02:56',NULL,'GA145','2022-02-05 11:16:42',87.87,26.25,'GIFTCARD','pulvinar sed nisl nunc rhoncus dui vel sem'),(75,'2021-12-06 14:13:32',NULL,'GA113','2021-11-06 08:52:24',12.29,70.43,'CREDIT',NULL),(77,'2022-02-27 06:21:12',NULL,'GA131','2021-07-02 08:13:49',38.32,33.20,'CASH',NULL),(78,'2021-08-19 03:22:41',NULL,'GA192','2021-12-28 21:44:57',12.79,30.43,'CREDIT',NULL),(79,'2021-07-19 22:24:58',NULL,'GA178','2021-12-08 06:14:02',45.77,52.65,'GIFTCARD','quisque ut erat curabitur gravida nisi at nibh'),(80,'2022-03-14 22:35:46',NULL,'GA129','2022-03-22 15:47:56',59.13,37.71,'CASH',NULL),(81,'2021-08-20 11:27:54',NULL,'GA139','2021-12-26 09:59:43',53.00,34.49,'GIFTCARD',NULL),(82,'2021-12-12 17:17:55',NULL,'GA132','2022-03-03 11:38:58',36.11,24.35,'CASH',NULL),(83,'2022-01-07 15:48:36',NULL,'GA105','2021-08-20 22:11:40',80.98,31.07,'CREDIT',NULL),(84,'2021-12-22 04:07:49',NULL,'GA193','2022-03-06 16:16:48',12.37,61.33,'CREDIT',NULL),(85,'2022-05-05 02:49:26',NULL,'GA164','2022-04-01 13:57:35',96.56,10.76,'CREDIT','sit amet sapien dignissim vestibulum vestibulum ante'),(86,'2021-06-15 22:08:21',NULL,'GA156','2021-06-19 10:41:36',56.36,49.21,'GIFTCARD','a libero nam dui proin leo odio'),(87,'2021-07-17 03:14:06',NULL,'GA109','2021-09-16 21:56:17',23.24,16.40,'GIFTCARD',NULL),(88,'2022-01-18 00:13:27',NULL,'GA197','2022-02-11 16:14:14',25.84,11.98,'CASH',NULL),(89,'2022-02-17 05:48:58',NULL,'GA119','2022-02-15 06:23:10',95.44,58.21,'CREDIT',NULL),(90,'2021-07-03 05:54:13',NULL,'GA180','2021-10-29 17:02:24',61.85,49.49,'CASH','imperdiet nullam orci pede venenatis non sodales sed tincidunt'),(91,'2022-02-01 16:28:45',NULL,'GA192','2022-04-14 11:32:59',43.61,66.52,'CASH',NULL),(92,'2021-06-15 01:22:16',NULL,'GA150','2021-06-06 18:45:14',15.44,29.46,'CREDIT',NULL),(93,'2021-07-01 11:17:18',NULL,'GA128','2021-12-01 03:31:29',75.15,84.84,'CASH',NULL),(94,'2022-02-17 06:47:30',NULL,'GA182','2022-02-14 20:38:40',48.24,42.28,'CASH',NULL),(95,'2022-01-12 20:50:20',NULL,'GA132','2022-03-14 08:03:53',96.65,75.05,'CASH',NULL),(97,'2021-06-02 21:06:28',NULL,'GA140','2021-11-04 03:25:02',6.62,45.92,'CASH',NULL),(98,'2022-04-25 08:52:34',NULL,'GA194','2021-06-28 08:21:56',57.53,61.34,'CREDIT',NULL),(103,'2022-05-11 14:05:40',NULL,'GA168','2022-05-11 14:30:09',7.99,10.00,'CREDIT',''),(104,'2022-05-11 14:23:10',NULL,'GA168',NULL,6.99,NULL,NULL,''),(105,'2022-05-11 14:40:54',NULL,'GA999',NULL,33.89,NULL,NULL,''),(106,'2022-05-11 15:19:02',NULL,'GA550',NULL,25.99,NULL,NULL,''),(107,'2022-05-11 15:34:10',NULL,'GA150',NULL,7.99,NULL,NULL,''),(108,'2022-05-11 15:34:22',NULL,'GA151',NULL,17.98,NULL,NULL,''),(109,'2022-05-11 15:34:34',NULL,'GA152',NULL,0.00,NULL,NULL,''),(110,'2022-05-11 15:35:31',NULL,'GA153',NULL,12.99,NULL,NULL,''),(111,'2022-05-11 15:37:26',NULL,'GA154',NULL,0.00,NULL,NULL,''),(112,'2022-05-11 15:37:38',NULL,'GA155',NULL,33.89,NULL,NULL,'');
/*!40000 ALTER TABLE `order_table2` ENABLE KEYS */;
UNLOCK TABLES;

--
-- Table structure for table `product`
--

DROP TABLE IF EXISTS `product`;
/*!40101 SET @saved_cs_client     = @@character_set_client */;
/*!50503 SET character_set_client = utf8mb4 */;
CREATE TABLE `product` (
  `id` int NOT NULL,
  `name` varchar(45) DEFAULT NULL,
  `price` decimal(10,2) DEFAULT NULL,
  `subscription` tinyint NOT NULL DEFAULT '0',
  `wash` tinyint NOT NULL DEFAULT '0',
  `extra` tinyint NOT NULL DEFAULT '0',
  `lobby` tinyint NOT NULL DEFAULT '0',
  PRIMARY KEY (`id`)
) ENGINE=InnoDB DEFAULT CHARSET=utf8mb4 COLLATE=utf8mb4_0900_ai_ci;
/*!40101 SET character_set_client = @saved_cs_client */;

--
-- Dumping data for table `product`
--

LOCK TABLES `product` WRITE;
/*!40000 ALTER TABLE `product` DISABLE KEYS */;
INSERT INTO `product` VALUES (0,'NONE',0.00,0,1,0,0),(1,'EXT EXPRESS',1.99,0,1,0,0),(2,'PLATINUM WASH',35.49,0,1,0,0),(3,'SUPREME WASH',33.89,0,1,0,0),(4,'INTERIOR SPA',44.49,0,1,0,0),(5,'MANAGER\'S SPECIAL',35.49,0,1,0,0),(7,'FLOOR MATS',5.99,0,0,1,0),(10,'EXPRESS SEATS',10.99,0,0,1,0),(13,'PLATINUM SUB',0.00,1,1,0,0),(14,'EXTERIOR SUB',0.00,1,1,0,0),(16,'HAND WASH',25.99,0,1,0,0),(17,'EXT EXPRESS WAX',35.99,0,1,0,0),(18,'EXT SUPREME',5.99,0,1,0,0),(20,'EXPRESS MATS',6.99,0,0,1,0),(28,'RAIN-X',7.99,0,0,1,0),(70,'MISC DETAIL',7.00,0,0,1,0),(77,'THING',5.77,0,0,0,1),(98,'MISC GREETER ITEM',0.00,0,0,1,0),(401,'EXT EXPRESS WAX(RAIN-X)',25.99,0,1,0,0),(402,'ULTIMATE WASH(RAIN-X)',55.78,0,1,0,0),(404,'ULTIMATE INT SPA(RAIN-X)',55.99,0,1,0,0),(413,'ULITMATE SUB',0.00,1,1,0,0),(414,'EXT ULTIMATE SUB',0.00,1,1,0,0);
/*!40000 ALTER TABLE `product` ENABLE KEYS */;
UNLOCK TABLES;

--
-- Table structure for table `user`
--

DROP TABLE IF EXISTS `user`;
/*!40101 SET @saved_cs_client     = @@character_set_client */;
/*!50503 SET character_set_client = utf8mb4 */;
CREATE TABLE `user` (
  `id` int NOT NULL AUTO_INCREMENT,
  `first_name` varchar(45) DEFAULT NULL,
  `last_name` varchar(45) DEFAULT NULL,
  `username` varchar(45) DEFAULT NULL,
  `password` varchar(68) DEFAULT NULL,
  `roles` varchar(45) DEFAULT NULL,
  `active` tinyint(1) DEFAULT NULL,
  PRIMARY KEY (`id`)
) ENGINE=InnoDB AUTO_INCREMENT=9 DEFAULT CHARSET=utf8mb4 COLLATE=utf8mb4_0900_ai_ci;
/*!40101 SET character_set_client = @saved_cs_client */;

--
-- Dumping data for table `user`
--

LOCK TABLES `user` WRITE;
/*!40000 ALTER TABLE `user` DISABLE KEYS */;
INSERT INTO `user` VALUES (1,'BOB','BURROWS','bobb','$2a$10$kxw.ne0.FSQ/exKPW0C.puPMKiEtQOHNvTkLBvq9IQ9msN/EXYnQy','ROLE_EMPLOYEE,ROLE_MANAGER',1),(2,'STEVE','ROGERS','steveo','$2a$10$kxw.ne0.FSQ/exKPW0C.puPMKiEtQOHNvTkLBvq9IQ9msN/EXYnQy','ROLE_EMPLOYEE',1),(8,'PETER','PARKER','petep','$2a$10$9CIe6sbnymXnIWNV9632Y.zDZh/BtnxesQUhAHvlRrj96NBdUknBe','ROLE_EMPLOYEE',1);
/*!40000 ALTER TABLE `user` ENABLE KEYS */;
UNLOCK TABLES;

--
-- Table structure for table `vehicle2`
--

DROP TABLE IF EXISTS `vehicle2`;
/*!40101 SET @saved_cs_client     = @@character_set_client */;
/*!50503 SET character_set_client = utf8mb4 */;
CREATE TABLE `vehicle2` (
  `plate` varchar(45) NOT NULL,
  `color` varchar(45) DEFAULT NULL,
  `make` varchar(45) DEFAULT NULL,
  `model` varchar(45) DEFAULT NULL,
  `year` int DEFAULT NULL,
  `customer_id` int DEFAULT NULL,
  `subscription` int DEFAULT NULL,
  PRIMARY KEY (`plate`),
  UNIQUE KEY `plate_UNIQUE` (`plate`),
  KEY `subscription_wash_idx` (`subscription`),
  KEY `customer_idx` (`customer_id`)
) ENGINE=InnoDB DEFAULT CHARSET=utf8mb4 COLLATE=utf8mb4_0900_ai_ci;
/*!40101 SET character_set_client = @saved_cs_client */;

--
-- Dumping data for table `vehicle2`
--

LOCK TABLES `vehicle2` WRITE;
/*!40000 ALTER TABLE `vehicle2` DISABLE KEYS */;
INSERT INTO `vehicle2` VALUES ('GA100','Purple','Mitsubishi','Diamante',1995,31,413),('GA101','Khaki','Ford','Mustang',1987,17,14),('GA102','Khaki','Audi','100',1989,15,414),('GA103','Fuscia','Mercedes-Benz','S-Class',2000,97,414),('GA104','Goldenrod','Mercedes-Benz','E-Class',1988,8,413),('GA105','Khaki','Saab','9-5',1999,98,413),('GA106','Maroon','Kia','Rio',2009,45,414),('GA107','Goldenrod','Ford','Explorer',2011,15,14),('GA108','Pink','Porsche','911',1989,49,413),('GA109','Aquamarine','Acura','SLX',1997,43,414),('GA110','Violet','Buick','Reatta',1988,88,413),('GA111','Aquamarine','BMW','7 Series',2002,21,414),('GA112','Purple','Dodge','Intrepid',1993,30,413),('GA113','Violet','GMC','Canyon',2009,46,413),('GA114','Yellow','Suzuki','Sidekick',1991,39,413),('GA115','Aquamarine','Dodge','Caravan',2000,73,414),('GA116','Green','GMC','Canyon',2011,31,414),('GA117','Khaki','Saturn','Sky',2007,39,413),('GA118','Orange','Mitsubishi','Expo',1992,66,414),('GA119','Khaki','Isuzu','Amigo',1994,33,414),('GA120','Khaki','Pontiac','G8',2009,18,13),('GA121','Crimson','Acura','Integra',1999,37,14),('GA122','Mauv','Pontiac','Firefly',1985,65,0),('GA123','Aquamarine','Chrysler','300M',2004,86,413),('GA124','Maroon','Buick','Century',2000,72,414),('GA125','Aquamarine','Toyota','RAV4',2012,3,414),('GA126','Yellow','Ford','Taurus',2006,67,13),('GA127','Indigo','Chevrolet','Express 2500',2012,34,413),('GA128','Aquamarine','GMC','Yukon',1993,93,13),('GA129','Yellow','Subaru','Forester',2011,37,14),('GA130','Turquoise','Mitsubishi','Mirage',1989,56,0),('GA131','Green','Toyota','FJ Cruiser',2012,55,414),('GA132','Violet','Lincoln','MKX',2011,63,414),('GA133','Orange','Toyota','MR2',2005,5,14),('GA134','Blue','Ford','Escort',1995,11,414),('GA135','Violet','Ford','Escort',2000,93,414),('GA136','Green','Buick','Regal',1998,16,413),('GA137','Goldenrod','Volkswagen','Eurovan',2001,47,14),('GA138','Puce','Jeep','Wrangler',1992,58,14),('GA139','Indigo','Ford','E250',1984,4,414),('GA140','Turquoise','Audi','Coupe Quattro',1991,80,14),('GA141','Orange','Mazda','Miata MX-5',1996,60,413),('GA142','Turquoise','Chevrolet','Monte Carlo',1998,97,14),('GA143','Orange','Toyota','Tercel',1995,92,414),('GA144','Goldenrod','Dodge','Dakota',2005,94,414),('GA145','Turquoise','Toyota','Sienna',2009,92,413),('GA146','Puce','Oldsmobile','88',1992,65,414),('GA147','Khaki','Honda','Pilot',2009,50,413),('GA148','Turquoise','Ford','Explorer',2010,64,414),('GA149','Fuscia','Mazda','Mazda3',2005,3,414),('GA150','Mauv','Eagle','Summit',1994,92,414),('GA151','Green','Oldsmobile','98',1995,62,413),('GA152','Indigo','Nissan','Stanza',1992,72,414),('GA153','Violet','Chevrolet','Colorado',2006,21,414),('GA154','Mauv','Ford','F450',2008,45,413),('GA155','Puce','Nissan','300ZX',1992,79,0),('GA156','Orange','Chevrolet','S10',1994,26,0),('GA157','Pink','BMW','8 Series',1997,1,413),('GA158','Pink','Dodge','Intrepid',2002,60,414),('GA159','Puce','Buick','Somerset',1986,74,414),('GA160','Mauv','Pontiac','G6',2005,77,413),('GA161','Fuscia','Volkswagen','Golf',1989,91,414),('GA162','Maroon','Lincoln','Town Car',1990,35,414),('GA163','Violet','Pontiac','LeMans',1965,67,14),('GA164','Crimson','Lincoln','LS',2002,7,413),('GA165','Crimson','Mercedes-Benz','SLK55 AMG',2009,72,413),('GA166','Yellow','Chevrolet','Avalanche 2500',2003,67,413),('GA167','Blue','Acura','NSX',1993,28,414),('GA168','Orange','Ford','F150',2004,65,13),('GA169','Blue','Infiniti','J',1993,54,414),('GA170','Violet','Lotus','Exige',2011,67,413),('GA171','Crimson','Saab','9-3',2012,66,413),('GA172','Red','Dodge','Charger',1969,27,0),('GA173','Red','Dodge','Dakota',2007,52,0),('GA174','Maroon','Pontiac','Grand Prix',1983,26,413),('GA175','Red','Oldsmobile','Ciera',1992,52,414),('GA176','Green','Mitsubishi','Eclipse',1998,16,414),('GA177','Teal','Kia','Optima',2002,74,414),('GA178','Goldenrod','Saturn','Sky',2007,72,414),('GA179','Blue','Ram','3500',2011,85,14),('GA180','Goldenrod','Nissan','Maxima',2008,69,414),('GA181','Aquamarine','Chevrolet','Silverado 3500',2004,91,414),('GA182','Pink','Jeep','Wrangler',2003,39,413),('GA183','Puce','Audi','S6',2010,1,14),('GA184','Turquoise','Audi','Cabriolet',1996,43,413),('GA185','Red','Mazda','Tribute',2008,65,414),('GA186','Goldenrod','BMW','X5',2011,86,413),('GA187','Indigo','Volkswagen','GTI',2011,34,14),('GA188','Purple','Honda','FCX Clarity',2012,29,414),('GA189','Teal','Ford','Taurus',2008,27,14),('GA190','Maroon','Mercedes-Benz','SL-Class',1989,63,414),('GA191','Blue','Dodge','Ram 2500',2000,86,14),('GA192','Orange','Suzuki','Forenza',2007,9,414),('GA193','Green','Volkswagen','Routan',2010,55,414),('GA194','Violet','Honda','Pilot',2005,53,413),('GA195','Orange','Nissan','Maxima',1998,50,414),('GA196','Mauv','Jeep','Compass',2012,76,414),('GA197','Green','Chevrolet','Silverado',2010,71,414),('GA198','Orange','Nissan','Pathfinder',1995,44,414),('GA199','Fuscia','Mazda','B-Series',2003,97,413),('GA500',NULL,NULL,NULL,0,NULL,0),('GA550',NULL,NULL,NULL,0,NULL,0),('GA600',NULL,NULL,NULL,0,NULL,0),('GA700',NULL,NULL,NULL,0,NULL,0),('GA800',NULL,NULL,NULL,0,NULL,0),('GA900',NULL,NULL,NULL,0,NULL,0),('GA999',NULL,NULL,NULL,0,NULL,0);
/*!40000 ALTER TABLE `vehicle2` ENABLE KEYS */;
UNLOCK TABLES;
/*!40103 SET TIME_ZONE=@OLD_TIME_ZONE */;

/*!40101 SET SQL_MODE=@OLD_SQL_MODE */;
/*!40014 SET FOREIGN_KEY_CHECKS=@OLD_FOREIGN_KEY_CHECKS */;
/*!40014 SET UNIQUE_CHECKS=@OLD_UNIQUE_CHECKS */;
/*!40101 SET CHARACTER_SET_CLIENT=@OLD_CHARACTER_SET_CLIENT */;
/*!40101 SET CHARACTER_SET_RESULTS=@OLD_CHARACTER_SET_RESULTS */;
/*!40101 SET COLLATION_CONNECTION=@OLD_COLLATION_CONNECTION */;
/*!40111 SET SQL_NOTES=@OLD_SQL_NOTES */;

-- Dump completed on 2022-05-11 12:34:14
